Title,Author,Year
"Interview with the Vampire (The Vampire Chronicles, #1)",Anne Rice,1976
Dracula,Bram Stoker,1897
"Vampire Academy (Vampire Academy, #1)",Richelle Mead,2007
"Twilight (The Twilight Saga, #1)",Stephenie Meyer,2005
"Shadow Kiss (Vampire Academy, #3)",Richelle Mead,2008
"Frostbite (Vampire Academy, #2)",Richelle Mead,2008
"Last Sacrifice (Vampire Academy, #6)",Richelle Mead,2010
"The Vampire Lestat (The Vampire Chronicles, #2)",Anne Rice,1985
"Blood Promise (Vampire Academy, #4)",Richelle Mead,2009
"Spirit Bound (Vampire Academy, #5)",Richelle Mead,2010
"Eclipse (The Twilight Saga, #3)",Stephenie Meyer,2007
"Breaking Dawn (The Twilight Saga, #4)",Stephenie Meyer,2008
’Salem’s Lot,Stephen        King,1975
"New Moon (The Twilight Saga, #2)",Stephenie Meyer,2006
"Marked (House of Night, #1)",P.C. Cast,2007
"Bloodlines (Bloodlines, #1)",Richelle Mead,2011
"Dead Until Dark (Sookie Stackhouse, #1)",Charlaine Harris,2001
"City of Bones (The Mortal Instruments, #1)",Cassandra Clare,2007
"Suck U (Suck U, #1)",Ellie Aiden,2023
Let the Right One In,John Ajvide Lindqvist,2004
"Dark Lover (Black Dagger Brotherhood, #1)",J.R. Ward,2005
"The Queen of the Damned (The Vampire Chronicles, #3)",Anne Rice,1988
"Some Girls Bite (Chicagoland Vampires, #1)",Chloe Neill,2009
"Clockwork Angel (The Infernal Devices, #1)",Cassandra Clare,2010
"Halfway to the Grave (Night Huntress, #1)",Jeaniene Frost,2007
The Historian,Elizabeth Kostova,2005
"Glass Houses (The Morganville Vampires, #1)",Rachel Caine,2006
"The Awakening / The Struggle (The Vampire Diaries, #1-2)",L.J. Smith,1991
I Am Legend and Other Stories,Richard Matheson,1954
"Blue Bloods (Blue Bloods, #1)",Melissa de la Cruz,2006
"City of Ashes (The Mortal Instruments, #2)",Cassandra Clare,2008
"Moon Called (Mercy Thompson, #1)",Patricia Briggs,2006
The Twilight Saga,Stephenie Meyer,2005
"One Foot in the Grave (Night Huntress, #2)",Jeaniene Frost,2008
"Chosen (House of Night, #3)",P.C. Cast,2008
Behind Blue Eyes,D.M. Wolfenden,2013
Royally Sucked,Ellie Aiden,2024
"Untamed (House of Night, #4)",P.C. Cast,2008
Carmilla,J. Sheridan Le Fanu,1872
"The Short Second Life of Bree Tanner (The Twilight Saga, #3.5)",Stephenie Meyer,2009
"The Golden Lily (Bloodlines, #2)",Richelle Mead,2012
"Night World, No. 3 (Night World, #7-9)",L.J. Smith,2009
"Eighth Grade Bites (The Chronicles of Vladimir Tod, #1)",Heather Brewer,2007
"Betrayed (House of Night, #2)",P.C. Cast,2007
Midnight Sun [2008 Draft],Stephenie Meyer,2008
"Laurell K. Hamilton's Anita Blake, Vampire Hunter: Guilty Pleasures vol 1",Laurell K. Hamilton,2007
"Night World, No. 1 (Night World, #1-3)",L.J. Smith,2008
"Vampire Kisses (Vampire Kisses, #1)",Ellen Schreiber,2003
"Hunted (House of Night, #5)",P.C. Cast,2009
"Dead Witch Walking (The Hollows, #1)",Kim Harrison,2004
"Immortal Embrace (Embrace, #1)",Charlotte Blackwell,2011
"Lover Awakened (Black Dagger Brotherhood, #3)",J.R. Ward,2006
"Tempted (House of Night, #6)",P.C. Cast,2009
"The Tale of the Body Thief (The Vampire Chronicles, #4)",Anne Rice,1992
"Living Dead in Dallas (Sookie Stackhouse, #2)",Charlaine Harris,2002
"City of Fallen Angels (The Mortal Instruments, #4)",Cassandra Clare,2011
"Night World, No. 2 (Night World, #4-6)",L.J. Smith,2008
"Blood Oath (Nathaniel Cade, #1)",Christopher Farnsworth,2010
"Harry Potter and the Half-Blood Prince (Harry Potter, #6)",J.K. Rowling,2005
"City of Glass (The Mortal Instruments, #3)",Cassandra Clare,2009
"At Grave's End (Night Huntress, #3)",Jeaniene Frost,2008
"The Vampire Armand (The Vampire Chronicles, #6)",Anne Rice,1998
"The Mortal Instruments Boxed Set: City of Bones; City of Ashes; City of Glass (The Mortal Instruments, #1-3)",Cassandra Clare,2009
"Masquerade (Blue Bloods, #2)",Melissa de la Cruz,2007
"The Dead Girls' Dance (The Morganville Vampires, #2)",Rachel Caine,2007
Fate (The Edge of Forever #1),D.C. Gambel,2014
The Aureate Spectacles,Eliott McKay,2013
Sunshine,Robin McKinley,2003
"Undead and Unwed (Undead, #1)",MaryJanice Davidson,2004
"Peeps (Peeps, #1)",Scott Westerfeld,2005
"The Immortal Rules (Blood of Eden, #1)",Julie Kagawa,2012
"Magic Bites (Kate Daniels, #1)",Ilona Andrews,2007
"Vampire Knight, Vol. 1 (Vampire Knight, #1)",Matsuri Hino,2005
"Club Dead (Sookie Stackhouse, #3)",Charlaine Harris,2003
"Definitely Dead (Sookie Stackhouse, #6)",Charlaine Harris,2006
"The President's Vampire (Nathaniel Cade, #2)",Christopher Farnsworth,2011
"Clockwork Prince (The Infernal Devices, #2)",Cassandra Clare,2011
"Vampire Elite (Vampire Elite, #1)",Irina Argo,2013
"This Side of the Grave (Night Huntress, #5)",Jeaniene Frost,2011
"Pandora (New Tales of the Vampires, #1)",Anne Rice,1998
"Feast of Fools (The Morganville Vampires, #4)",Rachel Caine,2008
"Lord of Misrule (The Morganville Vampires, #5)",Rachel Caine,2008
"Hellsing, Vol. 1 (Hellsing, #1)",Kohta Hirano,1998
The Coldest Girl in Coldtown,Holly Black,2013
"The Last Days (Peeps, #2)",Scott Westerfeld,2006
"Thirst No. 1: The Last Vampire, Black Blood, and Red Dice (Thirst, #1)",Christopher Pike,1998
"The Van Alen Legacy (Blue Bloods, #4)",Melissa de la Cruz,2009
Buffy the Vampire Slayer Omnibus Vol. 1,Christopher Golden,2007
"Dead as a Doornail (Sookie Stackhouse, #5)",Charlaine Harris,2005
"Red, White, and Blood (Nathaniel Cade, #3)",Christopher Farnsworth,2012
"Buffy the Vampire Slayer: Season 8, Vol. 2: No Future for You",Brian K. Vaughan,2008
"Hidden (Marchwood Vampires, #1)",Shalini Boland,2011
"Buffy the Vampire Slayer: Season 8, Vol. 3: Wolves at the Gate",Drew Goddard,2008
"Secret Vampire (Night World, #1)",L.J. Smith,1996
"All Together Dead (Sookie Stackhouse, #7)",Charlaine Harris,2007
Crave: Tales of Vampire Romance Boxed Set,Michelle Fox,2014
"Memnoch the Devil (The Vampire Chronicles, #5)",Anne Rice,1995
"Hard Bitten (Chicagoland Vampires, #4)",Chloe Neill,2011
"Kiss of the Vampire (Creed, #1)",Nancy          Baker,1993
"Midnight Alley (The Morganville Vampires, #3)",Rachel Caine,2007
"Dead to the World (Sookie Stackhouse, #4)",Charlaine Harris,2004
"Dhampir (Noble Dead Saga: Series 1, #1)",Barb Hendee,2003
"From Dead to Worse (Sookie Stackhouse, #8)",Charlaine Harris,2008
"Lost in Time (Blue Bloods, #6)",Melissa de la Cruz,2011
"Hideyuki Kikuchi's Vampire Hunter D, Volume 01",Saiko Takaki,2007
The Graveyard Book,Neil Gaiman,2008
"Revelations (Blue Bloods, #3)",Melissa de la Cruz,2008
"A Discovery of Witches (All Souls Trilogy, #1)",Deborah Harkness,2011
Black Dagger Brotherhood: Boxed Set #1-6,J.R. Ward,2009
"Misguided Angel (Blue Bloods, #5)",Melissa de la Cruz,2010
"My Blood Approves (My Blood Approves, #1)",Amanda Hocking,2010
"Hunting Ground (Alpha & Omega, #2)",Patricia Briggs,2009
"Dead and Gone (Sookie Stackhouse, #9)",Charlaine Harris,2009
"A Hunger Like No Other (Immortals After Dark, #1)",Kresley Cole,2006
"99 Coffins (Laura Caxton, #2)",David Wellington,2007
"Drink, Slay, Love",Sarah Beth Durst,2011
"Blood Bound (Mercy Thompson, #2)",Patricia Briggs,2007
"Ever After (The Hollows, #11)",Kim Harrison,2013
"Black Magic Sanction (The Hollows, #8)",Kim Harrison,2010
"Nice Girls Don't Have Fangs (Jane Jameson, #1)",Molly Harper,2009
"The Outlaw Demon Wails (The Hollows, #6)",Kim Harrison,2008
"Every Which Way But Dead (The Hollows, #3)",Kim Harrison,2005
"Evernight (Evernight, #1)",Claudia Gray,2008
"White Witch, Black Curse (The Hollows, #7)",Kim Harrison,2009
"Bloody Valentine (Blue Bloods, #5.5)",Melissa de la Cruz,2010
"Kissing Coffins (Vampire Kisses, #2)",Ellen Schreiber,2005
"Buffy the Vampire Slayer: Season 8, Vol. 1: The Long Way Home",Joss Whedon,2007
"A Fistful of Charms (The Hollows, #4)",Kim Harrison,2006
"Lover Avenged (Black Dagger Brotherhood, #7)",J.R. Ward,2009
"First Drop of Crimson (Night Huntress World, #1)",Jeaniene Frost,2010
Vampire Hunter D,Hideyuki Kikuchi,1983
"For a Few Demons More (The Hollows, #5)",Kim Harrison,2007
"The Hallowed Ones (The Hallowed Ones, #1)",Laura Bickle,2012
"Lover Eternal (Black Dagger Brotherhood, #2)",J.R. Ward,2006
"Dead in the Family (Sookie Stackhouse, #10)",Charlaine Harris,2010
"The Darkangel (Darkangel Trilogy, #1)",Meredith Ann Pierce,1982
"Greywalker (Greywalker, #1)",Kat Richardson,2006
The Penguin Book of Vampire Stories,Alan Ryan,1987
"Dance with a Vampire (Vampire Kisses, #4)",Ellen Schreiber,2007
"The Passage (The Passage, #1)",Justin Cronin,2010
The Gilda Stories,Jewelle Gómez,1991
"A Perfect Blood (The Hollows, #10)",Kim Harrison,2012
"Blood and Chrysanthemums (Creed, #2)",Nancy          Baker,1994
The Lost Boys,Craig Shaw Gardner,1987
"The Last Vampire (The Last Vampire, #1)",Christopher Pike,1994
Fledgling,Octavia E. Butler,2005
"Dead Reckoning (Sookie Stackhouse, #11)",Charlaine Harris,2011
"The Awakening (The Vampire Diaries, #1)",L.J. Smith,1991
The Bloody Chamber and Other Stories,Angela Carter,1979
"Pale Demon (The Hollows, #9)",Kim Harrison,2011
"Hellsing, Vol. 2 (Hellsing, #2)",Kohta Hirano,1999
"The Morganville Vampires, Volume 1 (The Morganville Vampires, #1-2)",Rachel Caine,2009
"Hellsing, Vol. 3 (Hellsing, #3)",Kohta Hirano,2000
"American Vampire, Vol. 1",Scott Snyder,2010
"Punk (New York Vampire, #1)",K.D. McQuain,2015
"Hellsing, Vol. 7 (Hellsing, #7)",Kohta Hirano,2004
The Delicate Dependency: A Novel of the Vampire Life,Michael Talbot,1982
"The Dark World (Dark World, #1)",S.C. Parris,2016
"Hellsing, Vol. 4 (Hellsing, #4)",Kohta Hirano,2001
"Abraham Lincoln: Vampire Hunter (Abraham Lincoln: Vampire Hunter, #1)",Seth Grahame-Smith,2010
Vampires: A Collection of Original Stories,Jane Yolen,1991
Vampire: The Masquerade Revised,Mark Rein-Hagen,1991
"Vampireville (Vampire Kisses, #3)",Ellen Schreiber,2006
"Chibi Vampire, Vol. 01",Yuna Kagesaki,2003
Vampire Kisses - Blood Relatives: Complete Edition,Ellen Schreiber,2006
"Rosario+Vampire, Vol. 1 (Rosario+Vampire, #1)",Akihisa Ikeda,2004
"The Laughing Corpse (Anita Blake, Vampire Hunter, #2)",Laurell K. Hamilton,1994
"Burned (House of Night, #7)",P.C. Cast,2010
"Magistrates of Hell (James Asher, #4)",Barbara Hambly,2012
Prom Nights from Hell,Meg Cabot,2007
A Touch of Dead,Charlaine Harris,2009
"In the Forests of the Night (Den of Shadows, #1)",Amelia Atwater-Rhodes,1999
"Blood And Gold (The Vampire Chronicles, #8)",Anne Rice,2001
"Necroscope (Necroscope, #1)",Brian Lumley,1986
"Traveling with the Dead (James Asher, #2)",Barbara Hambly,1995
"Here Be Sexist Vampires (Deep In Your Veins, #1)",Suzanne Wright,2012
"Vamphyri! (Necroscope, #2)",Brian Lumley,1989
Those Who Hunt the Night (James Asher #1),Barbara Hambly,1988
The Silver Kiss,Annette Curtis Klause,1990
"Black Blood (The Last Vampire, #2)",Christopher Pike,1994
"The Source (Necroscope, #3)",Brian Lumley,1989
"Ventrue (Vampire: The Masquerade: Clan Novel, #5)",Gherbod Fleming,1999
The Mammoth Book of Paranormal Romance,Trisha Telep,2009
"The Coffin Club (Vampire Kisses, #5)",Ellen Schreiber,2008
"Deadspawn (Necroscope, #5)",Brian Lumley,1991
"Wildwood Dancing (Wildwood, #1)",Juliet Marillier,2006
"Deadspeak (Necroscope, #4)",Brian Lumley,1990
"Lover Revealed (Black Dagger Brotherhood, #4)",J.R. Ward,2007
"Skinwalker (Jane Yellowrock, #1)",Faith Hunter,2009
"The Care and Feeding of Stray Vampires (Half-Moon Hollow, #1)",Molly Harper,2012
30 Days of Night,Steve Niles,2004
The Mammoth Book of Vampires,Stephen              Jones,1992
Uninvited,Amanda Marrone,2007
The Vampire Book: The Encyclopedia of the Undead,J. Gordon Melton,1994
Dracula the Un-Dead,Dacre Stoker,2009
"Nice Girls Don't Live Forever (Jane Jameson, #3)",Molly Harper,2009
"Nice Girls Don't Date Dead Men (Jane Jameson, #2)",Molly Harper,2009
"Narcissus in Chains (Anita Blake, Vampire Hunter, #10)",Laurell K. Hamilton,2001
"Hôtel Transylvania (Saint-Germain, #1)",Chelsea Quinn Yarbro,1978
Berserk,Tim Lebbon,2005
Renfield: Slave of Dracula,Barbara Hambly,2006
"Red Dice (The Last Vampire, #3)",Christopher Pike,1995
Dracul,Dacre Stoker,2018
"Blood Memories (Vampire Memories, #1)",Barb Hendee,1999
"Shadowland (The Immortals, #3)",Alyson Noel,2009
"The Good, the Bad, and the Undead (The Hollows, #2)",Kim Harrison,2005
Vampire City,Paul Féval père,1867
"Vampire Mountain (Cirque Du Freak, #4)",Darren Shan,Unknown Year
"The Hollows Insider (The Hollows, #9.5)",Kim Harrison,2011
Dates from Hell,Kim Harrison,2006
"Blood Maidens (James Asher, #3)",Barbara Hambly,2010
"The Vampire's Assistant (Cirque du Freak, #2)",Darren Shan,2000
"Carpe Jugulum (Discworld, #23; Witches, #6)",Terry Pratchett,1998
"The Kindred of Darkness (James Asher, #5)",Barbara Hambly,2013
"Vampire Kisses: The Beginning (Vampire Kisses, #1-3)",Ellen Schreiber,2008
"Merrick (The Vampire Chronicles, #7)",Anne Rice,2000
"Cirque du Freak: A Living Nightmare (Cirque du Freak, #1)",Darren Shan,2000
"Keys to the Repository (Blue Bloods, #4.5)",Melissa de la Cruz,2010
"Royal Blood (Vampire Kisses, #6)",Ellen Schreiber,2009
"Lover Unbound (Black Dagger Brotherhood, #5)",J.R. Ward,2007
Fat Vampire: A Never Coming of Age Story,Adam Rex,2010
Clan Novel: Nosferatu (Vampire: The Masquerade: Clan Novel #13),Gherbod Fleming,2000
De Fevre Dream,George R.R. Martin,1982
"Hellsing, Vol. 6 (Hellsing, #6)",Kohta Hirano,2003
Vampires Don't Sparkle!,Michael  West,2013
Limerence,Claire C. Riley,2013
"The Death of Fear (The Damned Hunger Chronicles, #1)",D.B. Tarpley,2014
The Blood Maker and the Witch's Curse,Jaromy Henry,2017
"Blood, Body and Mind (Aaron's Kiss, #1)",Kathi S. Barton,2011
"The Immortal's Guide (Dark World, #2)",S.C. Parris,2016
The Death of Love (The Damned Hunger Chronicles #2),D.B. Tarpley,2015
"NOCTURN: Book 1 (Nocturn, #1)",Ronald Andrés Moore,2013
"The Strain (The Strain Trilogy, #1)",Guillermo del Toro,2009
"The Two Swords (Dark World, #3)",S.C. Parris,2016
"The Greyfriar (Vampire Empire, #1)",Clay Griffith,2010
"Seers of Light (Light, #1)",Jennifer DeLucy,2010
"Strange Practice (Dr. Greta Helsing, #1)",Vivian Shaw,2017
"Hellsing, Vol. 5 (Hellsing, #5)",Kohta Hirano,2003
"The Blood Books, Volume I (Vicki Nelson #1-2)",Tanya Huff,2006
The Reformed Vampire Support Group,Catherine Jinks,2009
"My Swordhand is Singing (My Swordhand is Singing, #1)",Marcus Sedgwick,2006
"Hellsing, Vol. 8 (Hellsing, #8)",Kohta Hirano,2006
"Thirst No. 2: Phantom, Evil Thirst, and Creatures of Forever (Thirst, #2)",Christopher Pike,2010
"The Fall (The Strain Trilogy, #2)",Guillermo del Toro,2010
Dracula's Guest: A Connoisseur's Collection of Victorian Vampire Stories,Michael Sims,2010
"Hellsing, Vol. 9 (Hellsing, #9)",Kohta Hirano,2007
"Blood+, Vol. 01 (Blood+, #1)",Asuka Katsura,2005
Bloodthirsty,Flynn Meaney,2010
Dracula in Love,Karen Essex,2010
"Buffy the Vampire Slayer: The Watcher's Guide, Volume 1",Christopher Golden,1998
Pinocchio: Vampire Slayer,Dustin Higgins,2009
"Vampire Academy (Vampire Academy, #1)",Richelle Mead,2007
"Enter, Night",Michael  Rowe,2011
"Hellsing, Vol. 10 (Hellsing, #10)",Kohta Hirano,2009
Ravnos (Vampire: The Masquerade: Clan Novel #8),Kathleen Ryan,2000
Reclaiming the Dead,James Patrick Brotherton,2012
Clarimonde,Théophile Gautier,1836
"Castlevania: Curse of Darkness, Vol. 1 (Castlevania, #1)",Kou Sasakura,2006
Clan Novel: Gangrel (Vampire: The Masquerade: Clan Novel #3),Gherbod Fleming,1999
The Vampire Tapestry,Suzy McKee Charnas,1980
Clan Novel: Tzimisce (Vampire: The Masquerade: Clan Novel #2),Eric Griffin,1999
The Mammoth Book of Vampire Stories by Women (Mammoth Books),Stephen              Jones,2001
"Awakened (House of Night, #8)",P.C. Cast,2011
"The Blood Countess (Pandora English, #1)",Tara Moss,2010
The Mammoth Book of Dracula (Mammoth Books),Stephen              Jones,1997
"Cravings (Undead, #1.5; Moon, #3.5)",Laurell K. Hamilton,2004
Stainless,Todd Grimson,1996
"Fat Vampire (Fat Vampire, #1)",Johnny B. Truant,2012
"Full Moon Rising (Riley Jenson Guardian, #1)",Keri Arthur,2006
"Lasombra (Vampire: The Masquerade: Clan Novel, #6)",Richard Dansky,1999
"Giovanni (Vampire: The Masquerade: Clan Novel, #10)",Justin Achilli,2000
A Dance in Blood Velvet,Freda Warrington,1994
"Live Girls (Davey Owen, #1)",Ray Garton,1987
"Kiss of Midnight (Midnight Breed,  #1)",Lara Adrian,2007
"The Dracula Tape (Dracula Series, #1)",Fred Saberhagen,1975
Clan Novel: Assamite (Vampire: The Masquerade: Clan Novel #7),Gherbod Fleming,1999
"The Nightlife: Las Vegas (The Nightlife, #2)",Travis Luedke,2012
"The Nightlife: New York (The Nightlife, #1)",Travis Luedke,2012
"Shadow Sight (Ivy Granger, #1)",E.J. Stevens,2012
"Clan Novel: Brujah (Vampire: The Masquerade: Clan Novel, #11)",Gherbod Fleming,2000
Blood Slave,Travis Luedke,2012
Lot Lizards,Ray Garton,1991
"Malkavian (Vampire: The Masquerade: Clan Novel, #9)",Stewart Wieck,2000
Stoker's Wilde (1),Steven Hopstaken,2019
"The Nightlife: Paris (The Nightlife, #3)",Travis Luedke,2013
"Blood Cross (Jane Yellowrock, #2)",Faith Hunter,2010
"Twilight: The Graphic Novel, Vol. 1",Young Kim,2010
Redemption,Victoria Steele Logue,2011
"Raven Cursed (Jane Yellowrock, #4)",Faith Hunter,2012
Thirteen Days by Sunset Beach,Ramsey Campbell,2015
"Mercy Blade (Jane Yellowrock, #3)",Faith Hunter,2011
"13 Bullets (Laura Caxton, #1)",David Wellington,2007
"Futile Flame (Vampire Gene, #2)",Sam   Stone,2009
"Always the Vampire (Oldest City Vampire, #3)",Nancy Haddock,2011
"Demon Dance (Vampire Gene, #3)",Sam   Stone,2011
The Undead Pool (The Hollows #12),Kim Harrison,2014
"The Society of S (Ethical Vampire, #1)",Susan Hubbard,2007
"Biting Cold (Chicagoland Vampires, #6)",Chloe Neill,2012
"A Touch of Midnight (Midnight Breed, #0.5)",Lara Adrian,2013
Realm Of Shadows (Alliance Vampires #4),Shannon Drake,2002
"Drink Deep (Chicagoland Vampires, #5)",Chloe Neill,2011
Teeth: Vampire Tales,Ellen Datlow,2011
"Night Rising (Vampire Babylon, #1)",Chris Marie Green,2007
"Way of the Wolf (Vampire Earth, #1)",E.E. Knight,2001
"Vittorio, The Vampire (New Tales of the Vampires, #2)",Anne Rice,1999
"Blackwood Farm (The Vampire Chronicles, #9)",Anne Rice,2002
Switched / Fangtastic! / Re-Vamped! / Vampalicious! (My Sister the Vampire #1-4),Sienna Mercer,2009
A Taste of Blood Wine,Freda Warrington,1992
"Killing Kiss (Vampire Gene, #1)",Sam   Stone,2008
"Thief of Lives (Noble Dead Saga: Series 1, #2)",Barb Hendee,2004
"Vampire Academy: The Graphic Novel (Vampire Academy: The Graphic Novel, #1)",Leigh Dragoon,2011
Dracula's Brood: Neglected Vampire Classics,Arthur Conan Doyle,1987
"The Blood Books, Volume II",Tanya Huff,2006
"Written in Red (The Others, #1)",Anne Bishop,2013
Sleeping Beauty: Vampire Slayer,Maureen McGowan,2011
"Vampireology: The True History of the Fallen Ones (Ologies, #9)",Archer Brookes,2010
Fright Night,John Skipp,1985
"The Blood Books, Volume III",Tanya Huff,2006
"The Dark-Hunters, Vol. 1 (Dark-Hunter Manga, #1)",Joshua Hale Fialkov,2009
"The Last American Vampire (Abraham Lincoln: Vampire Hunter, #2)",Seth Grahame-Smith,2015
"Insatiable (Insatiable, #1)",Meg Cabot,2010
"Vampires Rule (Rule, #1)",K.C. Blake,2011
"Brothers to the Death (The Saga of Larten Crepsley, #4)",Darren Shan,2012
"Palace of the Damned (The Saga of Larten Crepsley, #3)",Darren Shan,2011
Dick and Jane and Vampires,Laura Marchesani,2010
"Ocean of Blood (The Saga of Larten Crepsley, #2)",Darren Shan,2011
"The Record of a Fallen Vampire, Vol. 1",Kyo Shirodaira,2003
"Marked by Midnight (Midnight Breed, #11.5)",Lara Adrian,2014
The Mammoth Book of Vampire Romance,Trisha Telep,2008
"Tunnels of Blood (Cirque du Freak, #3)",Darren Shan,2000
"Undead and Unappreciated (Undead, #3)",MaryJanice Davidson,2005
"Defiance (Strange Angels, #4)",Lili St. Crow,2011
Dracula in London,P.N. Elrod,2001
"Lover Unleashed (Black Dagger Brotherhood, #9)",J.R. Ward,2011
"Lover Mine (Black Dagger Brotherhood, #8)",J.R. Ward,2010
"Blood Rites (The Grey Wolves, #2)",Quinn Loftis,2011
"Undead and Unemployed (Undead, #2)",MaryJanice Davidson,2004
Red Moon Rising (The Vampire Nations #1),Billie Sue Mosiman,2001
The Vampire Stories of Chelsea Quinn Yarbro,Chelsea Quinn Yarbro,1994
"Vampire Chronicles: Interview with the Vampire, The Vampire Lestat, The Queen of the Damned (Anne Rice) (The Vampire Chronicles, #1-3 Omnibus)",Anne Rice,1989
American Vampire,Jennifer Armintrout,2011
"A Job From Hell (Ancient Legends, #1)",Jayde Scott,2011
"How to Be a Vampire (Ghosts of Fear Street, #13)",R.L. Stine,1996
"The Wiccan Diaries (The Wiccan Diaries, #1)",T.D. McMichael,2011
"Assassin's Code (Joe Ledger, #4)",Jonathan Maberry,2012
"The First Blood (The First, #2)",M.S. Fowle,2012
"Night Realm (Night Realm, #1)",Darren G. Burton,2012
That Scoundrel Émile Dubois,Lucinda Elliot,2012
Ghost Drums,Matt  Cole,2003
"Live Undead (The Undead Chronicles, #1)",Steve  Warren,2012
Blood and Stone (Mythical #3),C.E. Martin,2012
Blood Prophecy: The Fated Three,T.L.  Spencer,2012
The Vampire Murders,Matthew Blake,2012
Blood Shadows (Blackthorn #1),Lindsay J. Pryor,2012
The Moth Diaries,Rachel Klein,2002
Rebirth (The Afflicted #1),Ravin Tija Maurice,2013
"Blood on Silk (Awakened By Blood, #1)",Marie Treanor,2010
Starfire,Michele Zugnoni,2013
The Liverpool Vampire,Michael Pugh,2012
Girl's Night Out: Twenty-nine Female Vampire Stories,Martin H. Greenberg,1997
Sudden Death Overtime - The Whole Story,Steve Vernon,2012
Blood of Darkness: Genesis,Richard S. Hartmetz,2013
Strigoi,Wynter Wilkins,2013
Servant of the Princess,Angelo Tsanatelis,2013
Fanged,Tami Veldura,2013
"Cirque Du Freak, Vol. 1",Darren Shan,2003
Purple Magic,Lisa Renee Jones,2014
Dark Prophet (The Chronicles of Koa #2),K.N. Lee,2014
"Bad Blood (Battle of the Undead, #1)",Nicky Peacock,2013
Water Like Crimson Sorrow,Amanda M. Lyons,2014
Masquerade,C.P. Mandara,2014
Crimson Dreams,Katie Salidas,2014
Come Forth in Blood,Matthew Heilman,2014
"Lesbian Vampire Strippers of New Orleans (Lesbian Vampire Strippers, Book One)",Aziza Amador,2014
UnVamped,Jayme Roxann Wright,2011
Dying For Love,Morgan    James,2015
"Crave The Night (Midnight Breed, #12)",Lara Adrian,2014
"Morbius Reborn (Vampire Vic, #2)",Harris Gray,2015
"Outcry (Dying to be Heard, #1)",Jennifer Michiels,2015
Enslaved till death,Katrina Stephens,2015
"Fifty Percent Vampire (Fifty Percent Vampire, #1)",D.K. Janotta,2015
KIZUMONOGATARI: Wound Tale,NisiOisiN,2008
Darkly Dreaming (The Darkly Trilogy #1),Chloe Hammond,2014
This Night Sucks,Elizabeth J.M. Walker,2016
Pietra,Mari Biella,2016
"The Tale of the Vampire Bride (Vampire Bride, #1)",Rhiannon Frater,2009
Death By Vampire,Christina Engela,2016
Taken by Things - Taboo Humorous Erotica: 5-Book Mega Bundle,Maddie Montrose,2015
"Countess Dracula : Life and Times of Elisabeth Bathory, the Blood Countess",Tony Thorne,1997
Revived (Foreverers #1),Nina del Arce,2017
With the People from the Bridge (Poena Damni Book 2),Dimitris Lyacos,2014
"V Games  (The V Games, #1)",Caroline Peckham,2017
"Fangs & Fins (Blood, Bloom, & Water, #1)",Amy McNulty,2018
"Girl, Bitten (Girl, Vampire, #1)",Graceley Knox,2018
The Vampire Viscount,Karen Harbaugh,1995
Once Upon the Longest Night: An Anthology of Romantic Vampire Stories,Charissa Weaks,2018
The Vampire Gideon's Suicide Hotline and Halfway House for Orphaned Girls,Andrew Katz,2018
"The Opposite of Life (Geekvamp, #1)",Narrelle M. Harris,2007
Pandora Syndrome,April Wahlin,2018
"The Dawn of Evil (The Wages of Sin, #5)",L.E.  Parker,2019
"Sinner (Sinners & Saints Series, #1)",Blakely Chorpenning,2020
Oil and Water,Lara Ann Dominick,2020
"No Peace In Death (Book of The Immortals, #1)",J.D. Penley,2020
Winterly,Jeanine Croft,2020
Undertakers Inc.,J.C. Compton,2021
Corin & Angelique,S.L. Claytor,2019
Prince of flowers,Elizabeth Hand,Unknown Year
"My Commander (Bewitched and Bewildered, #1)",Alanea Alder,2014
"My Carmilla: A Sapphic Vampire Romance (A Gothic Monster Romance, #2)",Anita Zara,2024
Formosan Vampire: Don’t Be Afraid. Be Terrified. (From the chronicles of Seth Ardelean the Cro-Magnon Vampire),Amadeus Rockefeller,2023
"Moon Sworn (Riley Jenson Guardian, #9)",Keri Arthur,2010
"Fairy Circle (Fairy Circle, #1)",Johanna Frappier,2011
"The First Night (The First, #1)",M.S. Fowle,2012
The Blood of Cowards,Matt  Cole,1999
"Strange Angels (Strange Angels, #1)",Lili St. Crow,2009
"Love Bites (The Undead Chronicles, #2)",Steve  Warren,2012
"Blood Eternal (Awakened by Blood, #3)",Marie Treanor,2011
Judgement Of The Vampire,Michael Pugh,2012
The Vampire Film: From Nosferatu to True Blood,Alain Silver,1976
"Sons of Destiny (Cirque du Freak, #12)",Darren Shan,2002
"Netherworld (The Chronicles of Koa, #1)",K.N. Lee,2013
Eyes Like Blue Fire,Amanda M. Lyons,2013
En Memoriam,Tami Veldura,2014
Blood+: Adagio Volume 1 TPB,Kumiko Suekane,2006
"Her Vampire Mate (Colliding Worlds, #4)",Tabitha Conall,2014
"Lesbian Vampire Strippers: Wicked Competition (Lesbian Vampire Strippers, Book Two)",Aziza Amador,2015
The Vampyre and Other Tales of the Macabre,Robert  Morrison,1997
Adventure Time: Seeing Red,Kate Leth,2014
Unearthed After Sunset (Cereus Vampire Chronicles #1),Lauryn April,2017
"Thirst (The Kresova Vampire Harems, #1)",Graceley Knox,2018
"Salt & Venom (Blood, Bloom, & Water, #2)",Amy McNulty,2018
The Salvation of Jeffrey Lapin,Summer Kinard,2014
"AMYM: The Mamluk Who Defied Death (New York Vampire, #1.5)",K.D. McQuain,2016
"Walking Shadows (Geekvamp, #2)",Narrelle M. Harris,2012
"The Birth of Death (The Wages of Sin, #4)",L.E.  Parker,2018
"Souled Out (Ell Clyne, #1)",Blakely Chorpenning,2012
Unheil,Wolfgang Hohlbein,2007
A Quick Bite (Argeneau #1),Lynsay Sands,2005
The Mammoth Book of Vampire Romance 2: Love Bites,Trisha Telep,2009
"Bound to Shadows (Riley Jenson Guardian, #8)",Keri Arthur,2009
"Forbidden Embrace (Embrace, #2)",Charlotte Blackwell,2011
"Chibi Vampire, Vol. 02",Yuna Kagesaki,2004
"Raven (The Raven Saga, #1)",Suzy Turner,2011
"Blood Sin (Awakened By Blood, #2)",Marie Treanor,2011
Adventure Time: Marceline and the Scream Queens,Meredith Gran,2013
"Sleight of Hand (Bite Back, #1)",Mark Henwick,2012
"Goth (New York Vampire, #2)",K.D. McQuain,2018
"Iron & Aqua (Blood, Bloom, & Water, #3)",Amy McNulty,2019
"The Fall of Innocence (The Wages of Sin, #3)",L.E.  Parker,2017
"Blood Lies (Ell Clyne, #2)",Blakely Chorpenning,2013
Vamp,Tracy Ryan,1997
"The Vampire's Mail Order Bride (Nocturne Falls, #1)",Kristen Painter,2015
"Deadly Desire (Riley Jenson Guardian, #7)",Keri Arthur,2009
"Mystic Embrace (Embrace, #3)",Charlotte Blackwell,2011
"Blood Born (Blood Prophecy, #1)",Jamie Manning,2012
Sanguinary,Emma L. Edwards,2012
"Star (Starland Vamp, #1)",Theresa Oliver,2012
"Dark Ages: Setite (Dark Ages Clan Novel, #4)",Kathleen Ryan,2003
"The Lake of Souls (Cirque du Freak, #10)",Darren Shan,2002
"Vampire Loves (Grand Vampire, #1-4)",Joann Sfar,2002
Year of the Dead (Sustainable Earth #1),Jack J. Lee,2010
Midnight Squad: The Grim,J.L.M. Visada,2011
"The Vengeance of the Vampire Bride (Vampire Bride, #2)",Rhiannon Frater,2011
"Bunnicula: A Rabbit-Tale of Mystery (Bunnicula, #1)",Deborah Howe,1979
The Radleys,Matt Haig,2010
The Nosferatu Scroll (Chris Bronson #4),James     Becker,2011
"The Wrath of Truth (The Wages of Sin, #2)",L.E.  Parker,2017
"My Defender (Bewitched and Bewildered, #8)",Alanea Alder,2017
"Embraced by Darkness (Riley Jenson Guardian, #5)",Keri Arthur,2007
"Braced2Bite (Half-Blood Vampires, #1)",Serena Robar,2006
"Betrayals (Strange Angels, #2)",Lili St. Crow,2009
"Imbrued (Sanguinary, #2)",Emma L. Edwards,2012
"Runaway Girl (The Secrets of Avelina Chronicles, #1)",Elaine  White,2013
"Dark Ages: Malkavian (Dark Ages Clan Novel, #7)",Ellen P. Kiley,2003
"Killers of the Dawn (Cirque Du Freak, #9)",Darren Shan,2003
Vampire High,Douglas Rees,2003
Little Vampire,Joann Sfar,2008
The Lament of the Vampire Bride (The Vampire Bride Dark Rebirth Trilogy) (Volume 3),Rhiannon Frater,2016
Count Duckula: Vampire Vacation,Maureen Spurgeon,1988
"The Vampire of Highgate (Highgate, #1)",Asa Bailey,2012
"The Devil's Advocate (The Wages of Sin, #1)",L.E.  Parker,2016
"The Darkest Kiss (Riley Jenson Guardian, #6)",Keri Arthur,2008
The Dracula Dossier: A Novel of Suspense,James Reese,2008
Vampire Hunter D Volume 3: Demon Deathchase,Hideyuki Kikuchi,1985
"Allies of the Night (Cirque du Freak, #8)",Darren Shan,2002
"Charming (Pax Arcana, #1)",Elliott James,2013
"Hot Blooded (Tooth & Claw, #2)",Heather Guerre,2021
My Big Fat Supernatural Honeymoon,P.N. Elrod,2007
Carpathia,Matt Forbeck,2012
"Jealousy (Strange Angels, #3)",Lili St. Crow,2010
"Dangerous Girls (Dangerous Girls, #1)",R.L. Stine,1998
"Hunters of the Dusk (Cirque Du Freak, #7)",Darren Shan,2002
"Good Intentions (Good Intentions, #1)",Elliott Kay,2011
"Down Among the Sticks and Bones (Wayward Children, #2)",Seanan McGuire,2017
Dark Wars: The Tale of Meiji Dracula,Hideyuki Kikuchi,2008
"Blood Work (The Hollows Graphic Novel, #1)",Kim Harrison,2011
"The Vampire Prince (Cirque Du Freak, #6)",Darren Shan,2002
A Love Like Blood,Marcus Sedgwick,2014
Warau Kyuuketsuki,Suehiro Maruo,1999
"Zero Sight (Zero Sight, #1)",B. Justin Shier,2011
Slay,Nicole Givens Kurtz,2020
"The Vampire Dimitri (Regency Draculia, #2)",Colleen Gleason,2011
"Trials of Death (Cirque Du Freak, #5)",Darren Shan,2001
Fray,Joss Whedon,2003
The Quick,Lauren Owen,2014
"Stroke of Midnight (Midnight Breed, #13.5)",Lara Adrian,2015
"Vampire Game, Volume 01",JUDAL,1996
"The Devil's Mouth (Alex Rains, Vampire Hunter, #1)",Matt Kincade,2016
Heart of Stone,Johannes T. Evans,2020
Blood Country,Jonathan Janz,2022
"Happy Hour at Casa Dracula (Casa Dracula, #1)",Marta Acosta,2006
"Masters of Seduction: Volume 1 (Masters of Seduction, #1-4)",Lara Adrian,2014
Hemovore,Jordan Castillo Price,2009
"Shadows (Clan Lasombra Trilogy, #2)",Bruce Baugh,2002
"Men of the Otherworld (Otherworld Stories, #1)",Kelley Armstrong,2009
Stoker's Wilde West,Steven Hopstaken,2020
"Between Their Worlds (Noble Dead Saga: Series 3, #1)",Barb Hendee,2012
Soulless,T. Baggins,2013
"Tempted by Midnight (Midnight Breed, #12.5)",Lara Adrian,2014
My Boyfriend is a Vampire 1,Yu-Rang Han,2011
"Sacrifices (Clan Lasombra Trilogy, #3)",Bruce Baugh,2002
"Stolen (Women of the Otherworld, #2)",Kelley Armstrong,2002
Every Dark Desire,Fiona Zedde,2007
"Of Truth and Beasts (Noble Dead Saga: Series 2, #3)",Barb Hendee,2010
Hotel of Lost Souls,H.S. Kallinger,2012
"Darker After Midnight (Midnight Breed, #10)",Lara Adrian,2012
"The Nightmare Stacks (Laundry Files, #7)",Charles Stross,2016
Shards (Clan Lasombra Trilogy #1),Bruce Baugh,2002
Vampire Hunter D Volume 6: Pilgrimage of the Sacred and the Profane,Hideyuki Kikuchi,1988
"Bound by Blood (Soul Mates, #1)",Jourdan Lane,2006
"Ashes of Midnight (Midnight Breed, #6)",Lara Adrian,2009
Life Sucks,Jessica Abel,2008
"Darkness on His Bones (James Asher, #6)",Barbara Hambly,2015
An Unattractive Vampire,Jim McDoniel,2016
"Through Stone and Sea (Noble Dead Saga: Series 2, #2)",Barb Hendee,2009
"Deceptions (Soul Matees, #2)",Jourdan Lane,2007
"Deeper Than Midnight (Midnight Breed, #9)",Lara Adrian,2011
Cut,Mike Richardson,2007
Vampire Forensics: Uncovering the Origins of an Enduring Legend,Mark Collins Jenkins,2010
Bram Stoker's Dracula,Roy Thomas,1993
V-Wars,Jonathan Maberry,2014
"Vampires Don't Wear Polka Dots (The Adventures of the Bailey School Kids, #1)",Debbie Dadey,1990
"In Shade and Shadow (Noble Dead Saga: Series 2, #1)",Barb Hendee,2009
"Cut and Run (Phoenix Code, #1-2)",Lara Adrian,2014
"Choice of the Cat (Vampire Earth, #2)",E.E. Knight,2004
Destined,Allison Kraft,2011
"Dangerous Games (Riley Jenson Guardian, #4)",Keri Arthur,2007
"Child of a Dead God (Noble Dead Saga: Series 1, #6)",Barb Hendee,2008
"Tale of the Thunderbolt (Vampire Earth, #3)",E.E. Knight,2005
"Falling to Ash (Moth, #1)",Karen Mahoney,2012
"Tempting Evil (Riley Jenson Guardian, #3)",Keri Arthur,2007
"Blood Canticle (The Vampire Chronicles, #10)",Anne Rice,2003
"Rebel Fay (Noble Dead Saga: Series 1, #5)",Barb Hendee,2007
"Birth of a Killer (The Saga of Larten Crepsley, #1)",Darren Shan,2010
"Shades of Midnight (Midnight Breed, #7)",Lara Adrian,2009
"Kissing Sin (Riley Jenson Guardian, #2)",Keri Arthur,2007
Sweetblood,Pete Hautman,2003
"Veil of Midnight (Midnight Breed, #5)",Lara Adrian,2008
"All I Want for Christmas is a Vampire (Love at Stake, #5)",Kerrelyn Sparks,2008
"Stake That (Blood Coven Vampire, #2)",Mari Mancusi,2006
"Traitor to the Blood (Noble Dead Saga: Series 1, #4)",Barb Hendee,2006
"Midnight Awakening (Midnight Breed, #3)",Lara Adrian,2007
"Dead, Undead, or Somewhere in Between (Rhiannon's Law #1)",J.A. Saare,2009
"Bloodlust (Vampire Beach, #1)",Alex Duval,2006
Vampire Hunter D Volume 5: The Stuff of Dreams,Hideyuki Kikuchi,1986
Dark Ages: Ravnos (Dark Ages Clan Novel #6),Sarah Roark,2003
"Kiss of Crimson (Midnight Breed, #2)",Lara Adrian,2007
"Midnight Crossroad (Midnight, Texas, #1)",Charlaine Harris,2014
Gothic!: Ten Original Dark Tales,Deborah Noyes,2004
Vampire Hunter D Volume 4: Tale of the Dead Town,Hideyuki Kikuchi,1986
"Dark Ages: Assamite (Dark Ages Clan Novel, #2)",Stefan Petrucha,2002
The Shadow Girl of Birch Grove,Marta Acosta,2012
Как да се омъжиш за вампир милионер,Kerrelyn Sparks,2005
Vampire Hunter D Volume 2: Raiser of Gales,Hideyuki Kikuchi,1984
Dark Ages: Tremere (Dark Ages Clan Novel #11),Sarah Roark,2004
"Diary of a Vampeen (Vamp Chronicles, #1)",Christin Lovell,2011
"Dark Prince (Dark, #1)",Christine Feehan,1999
"Sister of the Dead (Noble Dead Saga: Series 1, #3)",Barb Hendee,2005
Dark Ages: Cappadocian (Dark Ages Clan Novel #3),Andrew Bates,2002
"Wake Me When the Sun Goes Down (Forged Bloodlines, #1)",Lisa Olsen,2011
Buffy the Vampire Slayer,Richie Tankersley Cusick,1992
"Father Mine (Black Dagger Brotherhood, #6.5)",J.R. Ward,2008
"Dark Ages: Nosferatu (Dark Ages Clan Novel, #1)",Gherbod Fleming,2002
Setite (Vampire: The Masquerade: Clan Novels #4),Kathleen Ryan,1999
"Until Dawn (Dragons of Bloodfire, #2.5)",Erin Kellison,2016
Daughter of the Blood (The Gifted #2),Nancy Holder,2006
"Magic Burns (Kate Daniels, #2)",Ilona Andrews,2008
"Lover Reborn (Black Dagger Brotherhood, #10)",J.R. Ward,2012
"Dark Ages: Toreador (Dark Ages Clan Novel, #9)",Janet Trautvetter,2003
"Tremere (Vampire: The Masquerade: Clan Novel, #12)",Eric Griffin,2000
Taming The Vampire Anthology,Mandy M. Roth,2016
"Dark Ages: Brujah (Dark Ages Clan Novel, #8)",Myranda Kalis,2003
"Bound by Blood (Bound, #1)",Cynthia Eden,2011
"I Kissed a Zombie, and I Liked It",Adam Selzer,2010
"Dark Ages: Tzimisce (Dark Ages Clan Novel, #13)",Myranda Kalis,2004
Fabien,Sarah Michelle Lynch,2014
Dark Ages: Ventrue (Dark Ages Clan Novel #12),Matthew McFarland,2004
Covet (Vampire Erotic Theatre #1),Felicity Heaton,2011
"Don't Talk Back To Your Vampire (Broken Heart, #2)",Michele Bardsley,2007
"Boys That Bite (Blood Coven Vampire, #1)",Mari Mancusi,2006
"Lover Enshrined (Black Dagger Brotherhood, #6)",J.R. Ward,2008
"Gangrel (Dark Ages Clan Novel, #10)",Tim Waggoner,2004
Vampire (Van Helsing Diaries Book 1),Peter Cawdron,2015
"We Are Legion (van Helsing Diaries, #2)",Peter Cawdron,2015
"Violets Are Blue (Alex Cross, #7)",James  Patterson,2001
"Midnight Brunch (Casa Dracula, #2)",Marta Acosta,2007
Enticed By Blood (Sweetblood #4.5),Laurie London,2015
"Dracula, My Love: The Secret Journals of Mina Harker",Syrie James,2010
"A Vampire for Christmas (Includes: Sweetblood, #2.5)",Michele Hauf,2011
Vampires: From Folklore to Fiction,Dana Jan Bartelt,2013
"Wisdom (My Blood Approves, #4)",Amanda Hocking,2010
Vampire Origins - Project Ichorous (The Strigoi #1),Riley Banks,2013
Blood Lite,Kevin J. Anderson,2008
"Flutter (My Blood Approves, #3)",Amanda Hocking,2010
Destiny of the Vampire,Tina Traverse,2012
"Fate (My Blood Approves, #2)",Amanda Hocking,2010
"Undead and Uneasy (Undead, #6)",MaryJanice Davidson,2007
"Undead and Unpopular (Undead, #5)",MaryJanice Davidson,2006
Kiss Me Deadly: 13 Tales of Paranormal Love,Trisha Telep,2010
"Afterlife (A Discovery of Vampires, #1)",Isabella Kruger,2011
Hellsing D20 System,Michelle Lyons,2004
"Undead and Unreturnable (Undead, #4)",MaryJanice Davidson,2005
"Much Ado About Vampires (Dark Ones, #9)",Katie MacAlister,2011
Hellsing: Ultimate Fan Guide #1,Michelle Lyons,2002
Angel Omnibus,Christopher Golden,2007
The Fury (The Vampire Diaries #3),L.J. Smith,1991
Blood Thirst: 100 Years of Vampire Fiction,Richard Matheson,1997
The Vampire Watcher's Handbook: A Guide for Slayers,Gregory Constantine,2003
"Midnight Reign (Vampire Babylon, #2)",Chris Marie Green,2008
Vampire Haiku,Ryan Mecum,2009
"Awakened (Vampire Awakenings, #1)",Brenda K. Davies,2012
"Break of Dawn (Vampire Babylon, #3)",Chris Marie Green,Unknown Year
SFX Classic Vampire Tales,Dave Bradley,2010
Shadow of the Vampire,Meagan Hatfield,2010
"Blood Singers (Blood, #1)",Tamara Rose Blodgett,2012
Lifeblood,Werner A. Lind,2004
"Vampire Rising (Alex Van Helsing, #1)",Jason Henderson,2010
Vampire Films (Pocket Essential series),Colin Odell,2000
"Lifeblood (Vampire Files, #2)",P.N. Elrod,1990
Saltwater Vampires,Kirsty Eagar,2010
The Traveling Vampire Show,Richard Laymon,2000
A Vampire's Soft Embrace,Caris Roane,2017
"The Wicked Kiss (Alexa O'Brien, Huntress, #2)",Trina M. Lee,2009
"Art in the Blood (Vampire Files, #4)",P.N. Elrod,1991
"Darkness Descending (Vampire Armageddon, #1)",Devyn Quinn,2011
"Once Bitten (Alexa O’Brien, Huntress, #1)",Trina M. Lee,2009
"The Reluctant Vampire (Argeneau, #15)",Lynsay Sands,2011
"Back and Deader Than Ever (Monster High, #4)",Lisi Harrison,2012
Vampire for Christmas,Felicity Heaton,2010
The Plague,R.J. Meldrum,2019
The Erotic Modern Life of Malinalli The Vampire,V. Castro,2019
Must Love Vampires,Heidi Betts,2011
Vampire Sun,J.R. Rain,2014
Ofelia,Martyn Stanley,2020
"Moon Dragon (Vampire for Hire, #10)",J.R. Rain,2014
"Vampire Requiem (Vampire for Hire, Moon Stories #9)",J.R. Rain,2015
"Infinite Days (Vampire Queen, #1)",Rebecca Maizel,2010
"Vampire Nights and Other Stories (Includes Vampire for Hire, Moon Stories #2)",J.R. Rain,2010
"Moon Dance (Vampire for Hire, #1)",J.R. Rain,2009
"Samantha Moon Boxed Set (Vampire for Hire #1-8, 4.5)",J.R. Rain,2014
When Darkness Falls (Alliance Vampires #2),Shannon Drake,2000
"Embrace the Night (Vampire Romances, #1)",Amanda Ashley,1998
Nosferatu: an opera libretto,Dana Gioia,2001
"Beneath a Blood Red Moon (Alliance Vampires, #1)",Shannon Drake,1999
Hunting in Bruges,E.J. Stevens,2014
Batman: Nosferatu,Jean-Marc Lofficier,1999
"Blood and Mistletoe (Ivy Granger, #1.5)",E.J. Stevens,2012
Art Of Vampire Hunter D Volume 1,Yoshiaki Kawajiri,2006
"Lord of the Vampires (Royal House of Shadows, #1)",Gena Showalter,2011
"Red Angel (Bo Blackman, #4)",Helen Harper,2015
Forgotten Future Anthology,Rashaad Bell,2011
"Forbidden Nights with a Vampire (Love at Stake, #7)",Kerrelyn Sparks,2009
"Have Stakes, Will Travel (Jane Yellowrock, #4.5)",Faith Hunter,2012
"Black Rose Alice, Tome 1 (Black Rose Alice #1)",Setona Mizushiro,2008
"Secret Life of a Vampire (Love at Stake, #6)",Kerrelyn Sparks,2009
"Black Water (Jane Yellowrock #6.3, #0.3, #7.5 )",Faith Hunter,2014
"Black Arts (Jane Yellowrock, #7)",Faith Hunter,2014
"Vampire Mine (Love at Stake, #10)",Kerrelyn Sparks,2011
"Dark Heir (Jane Yellowrock, #9)",Faith Hunter,2015
Angel Scriptbook Collection: Volume 1,Joss Whedon,2006
"Beyond the Grave (Jess Vandermire, #2)",Lina Gardiner,2008
"Blood Trade (Jane Yellowrock, #6)",Faith Hunter,2013
"Grave New Day (Jess Vandermire, #3)",Lina Gardiner,2010
"Broken Soul (Jane Yellowrock, #8)",Faith Hunter,2014
Love Bites: 101 Tips For Dating Guys With Fangs,Claire Hooper,2010
Dark Reunion (The Vampire Diaries #4),L.J. Smith,1991
"Death's Rival (Jane Yellowrock, #5)",Faith Hunter,2012
Lips of Blood: An Illustrated Guide To Hammer's Dracula Movies Starring Christopher Lee,Jewel John,2002
"The M-Team (Maggie MacKay, Magical Tracker, #5)",Kate Danley,2015
"Flirt (Anita Blake, Vampire Hunter, #18)",Laurell K. Hamilton,2009
"Jessica's Guide to Dating on the Dark Side (Jessica, #1)",Beth Fantaskey,2000
"Maggie on the Bounty (Maggie MacKay, Magical Tracker, #3)",Kate Danley,2013
"Vampire in Atlantis (Warriors of Poseidon, #7)",Alyssa Day,2011
"M&K Tracking (Maggie MacKay, Magical Tracker, #4)",Kate Danley,2014
"Maggie Get Your Gun (Maggie MacKay, Magical Tracker, #2)",Kate Danley,2012
"Bond of Darkness (Texas Vampires, #3)",Diane Whiteside,2008
Torment (Soul Savers #6),Kristie Cook,2015
Bond of Blood (Texas Vampires #1),Diane Whiteside,2006
Faith (Soul Savers #7),Kristie Cook,2015
The Hunter's Prey: Erotic Tales of Texas Vampires,Diane Whiteside,2006
"Maggie for Hire (Maggie MacKay, Magical Tracker, #1)",Kate Danley,2011
Immortal: Love Stories with Bite,P.C. Cast,2008
"Bond of Fire (Texas Vampires, #2)",Diane Whiteside,2008
"Bloody Boulevard (Hell's Belle, #0.1)",Karen Greco,2013
"The Vampire Who Loved Me (Cabot, #2)",Teresa Medeiros,2006
"Tainted Blood (Hell's Belle, #2)",Karen Greco,2014
The Vampire's Kiss,Cynthia Eden,2005
"River Vamp (Hell's Belle, #0.2)",Karen Greco,2014
"Hell's Belle (Hell's Belle, #1)",Karen Greco,2013
"Dire Straits (Bo Blackman, #1)",Helen Harper,2014
"Essential Tomb of Dracula, Vol. 1",Marv Wolfman,1983
Vlad the Impaler: In Search of the Real Dracula,M.J. Trow,2003
The Vampire King's Husband,Amber Kell,2009
Hollywood Gothic: The Tangled Web of Dracula from Novel to Stage to Screen,David J. Skal,1990
Vampyres: Lord Byron to Count Dracula,Christopher Frayling,1978
"Because Your Vampire Said So (Broken Heart, #3)",Michele Bardsley,2008
Young Dracula,Michael       Lawrence,2002
"Bullet (Anita Blake, Vampire Hunter, #19)",Laurell K. Hamilton,2010
"The Vampire and the Virgin (Love at Stake, #8)",Kerrelyn Sparks,2010
"Skin Trade (Anita Blake, Vampire Hunter, #17)",Laurell K. Hamilton,2009
"Buffy the Vampire Slayer: Sons of Entropy (The Gatekeeper Trilogy, #3)",Christopher Golden,1999
V Is for Vampire: An Illustrated Alphabet of the Undead,Adam-Troy Castro,2011
"Buffy the Vampire Slayer: Ghost Roads (The Gatekeeper Trilogy, #2)",Christopher Golden,1999
"Buffy the Vampire Slayer: Out of the Madhouse (The Gatekeeper Trilogy, #1)",Christopher Golden,1999
Blood and Other Cravings,Ellen Datlow,2011
"Loved (The Vampire Journals, #2)",Morgan Rice,2011
This.: A Vampire Cure for Forever,Shaun Roundy,2010
"Turned (The Vampire Journals, #1)",Morgan Rice,2011
"Date with a Vampire (Harold the Kung Fu Kid, #1)",Kailin Gow,2011
